index,Bacteria,Archaea,Eukaryota,barcode_sequence,body_site,year,month,day,subject,reported_antibiotic_usage,days_since_experiment_start
L1S105,7780.0,0.0,0.0,AGTGCGATGCGT,gut,2009.0,3.0,17.0,subject-1,No,140.0
L1S140,7162.0,0.0,0.0,ATGGCAGCTCTA,gut,2008.0,10.0,28.0,subject-2,Yes,0.0
L1S208,8146.0,0.0,0.0,CTGAGATACGCG,gut,2009.0,1.0,20.0,subject-2,No,84.0
L1S257,6388.0,0.0,0.0,CCGACTGAGATG,gut,2009.0,3.0,17.0,subject-2,No,140.0
L1S281,6614.0,0.0,0.0,CCTCTCGTGATC,gut,2009.0,4.0,14.0,subject-2,No,168.0
L1S57,8701.0,0.0,0.0,ACACACTATGGC,gut,2009.0,1.0,20.0,subject-1,No,84.0
L1S76,7866.0,0.0,0.0,ACTACGTGTGGT,gut,2009.0,2.0,17.0,subject-1,No,112.0
L1S8,7032.0,0.0,0.0,AGCTGACTAGTC,gut,2008.0,10.0,28.0,subject-1,Yes,0.0
L2S155,3766.0,0.0,0.0,ACGATGCGACCA,left palm,2009.0,1.0,20.0,subject-1,No,84.0
L2S175,4377.0,0.0,0.0,AGCTATCCACGA,left palm,2009.0,2.0,17.0,subject-1,No,112.0
L2S204,2987.0,0.0,0.0,ATGCAGCTCAGT,left palm,2009.0,3.0,17.0,subject-1,No,140.0
L2S222,2947.0,0.0,2.0,CACGTGACATGT,left palm,2009.0,4.0,14.0,subject-1,No,168.0
L2S240,5052.0,0.0,0.0,CATATCGCAGTT,left palm,2008.0,10.0,28.0,subject-2,Yes,0.0
L2S309,1359.0,0.0,0.0,CGTGCATTATCA,left palm,2009.0,1.0,20.0,subject-2,No,84.0
L2S357,2300.0,0.0,0.0,CTAACGCAGTCA,left palm,2009.0,3.0,17.0,subject-2,No,140.0
L2S382,4082.0,0.0,0.0,CTCAATGACTCA,left palm,2009.0,4.0,14.0,subject-2,No,168.0
L3S242,897.0,0.0,0.0,ACAGTTGCGCGA,right palm,2008.0,10.0,28.0,subject-1,Yes,0.0
L3S294,1125.0,0.0,0.0,CACGACAGGCTA,right palm,2009.0,1.0,20.0,subject-1,No,84.0
L3S313,1103.0,0.0,0.0,AGTGTCACGGTG,right palm,2009.0,2.0,17.0,subject-1,No,112.0
L3S341,915.0,0.0,0.0,CAAGTGAGAGAG,right palm,2009.0,3.0,17.0,subject-1,No,140.0
L3S360,824.0,0.0,0.0,CATCGTATCAAC,right palm,2009.0,4.0,14.0,subject-1,No,168.0
L3S378,1248.0,0.0,0.0,ATCGATCTGTGG,right palm,2008.0,10.0,28.0,subject-2,Yes,0.0
L4S112,8078.0,4.0,0.0,GCGTTACACACA,right palm,2009.0,3.0,17.0,subject-2,No,140.0
L4S137,9770.0,0.0,0.0,GAACTGTATCTC,right palm,2009.0,4.0,14.0,subject-2,No,168.0
L4S63,9053.0,8.0,6.0,CTCGTGGAGTAG,right palm,2009.0,1.0,20.0,subject-2,No,84.0
L5S104,1911.0,0.0,0.0,CAGTGTCAGGAC,tongue,2008.0,10.0,28.0,subject-1,Yes,0.0
L5S155,1799.0,0.0,0.0,ATCTTAGACTGC,tongue,2009.0,1.0,20.0,subject-1,No,84.0
L5S174,1953.0,0.0,0.0,CAGACATTGCGT,tongue,2009.0,2.0,17.0,subject-1,No,112.0
L5S203,2112.0,0.0,0.0,CGATGCACCAGA,tongue,2009.0,3.0,17.0,subject-1,No,140.0
L5S222,2512.0,0.0,0.0,CTAGAGACTCTT,tongue,2009.0,4.0,14.0,subject-1,No,168.0
L5S240,1792.0,0.0,0.0,CTGGACTCATAG,tongue,2008.0,10.0,28.0,subject-2,Yes,0.0
L6S20,6852.0,0.0,0.0,GAGGCTCATCAT,tongue,2009.0,1.0,20.0,subject-2,No,84.0
L6S68,5980.0,0.0,0.0,GATACGTCCTGA,tongue,2009.0,3.0,17.0,subject-2,No,140.0
L6S93,7044.0,0.0,0.0,GATTAGCACTCT,tongue,2009.0,4.0,14.0,subject-2,No,168.0
